,State Code,County Code,Site Num,Parameter Code,POC,Latitude,Longitude,Datum,Parameter Name,Sample Duration,Pollutant Standard,Metric Used,Method Name,Year,Units of Measure,Event Type,Observation Count,Observation Percent,Completeness Indicator,Valid Day Count,Required Day Count,Exceptional Data Count,Null Data Count,Primary Exceedance Count,Secondary Exceedance Count,Certification Indicator,Num Obs Below MDL,Arithmetic Mean,Arithmetic Standard Dev,1st Max Value,1st Max DateTime,2nd Max Value,2nd Max DateTime,3rd Max Value,3rd Max DateTime,4th Max Value,4th Max DateTime,1st Max Non Overlapping Value,1st NO Max DateTime,2nd Max Non Overlapping Value,2nd NO Max DateTime,99th Percentile,98th Percentile,95th Percentile,90th Percentile,75th Percentile,50th Percentile,10th Percentile,Local Site Name,Address,State Name,County Name,City Name,CBSA Name,Date of Last Change
4778,6,1,7,88101,1,37.687526,-121.784217,WGS84,PM2.5 - Local Conditions,24 HOUR,PM25 Annual 2006,Quarterly Means of Daily Means,R & P Model 2025 PM-2.5 Sequential Air Sampler w/VSCC - Gravimetric,2010,Micrograms/cubic meter (LC),No Events,210,99,Y,210,213,0,3,,,Certification not required,0,8.575714,6.183433999999999,34.7,2010-12-03 00:00,31.2,2010-12-04 00:00,30.5,2010-01-04 00:00,30.1,2010-01-05 00:00,,,,,30.1,26.5,17.0,12.8,8.700000000000001,6.5,3.3000000000000003,Livermore,793 Rincon Ave.,California,Alameda,Livermore,"San Francisco-Oakland-Hayward, CA",2015-04-01
5268,6,7,2,88101,1,39.757371,-121.843286,WGS84,PM2.5 - Local Conditions,24 HOUR,PM25 Annual 2006,Quarterly Means of Daily Means,R & P Model 2000 PM2.5 Sampler w/WINS - GRAVIMETRIC,2010,Micrograms/cubic meter (LC),No Events,58,95,Y,58,61,0,5,,,Certification not required,0,7.987931,6.420692,31.9,2010-12-16 00:00,29.0,2010-11-28 00:00,26.2,2010-02-19 00:00,26.0,2010-12-04 00:00,,,,,31.9,29.0,26.2,14.3,9.1,6.3,3.0,Chico-Manzanita Ave.,"468 MANZANITA AVE, CHICO",California,Butte,,"Chico, CA",2015-04-01
5368,6,9,1,88101,1,38.201852,-120.68156699999999,WGS84,PM2.5 - Local Conditions,24 HOUR,PM25 Annual 2006,Quarterly Means of Daily Means,R & P Model 2000 PM2.5 Sampler w/WINS - GRAVIMETRIC,2010,Micrograms/cubic meter (LC),No Events,30,49,N,30,61,0,1,,,Certification not required,0,4.883333,2.3405099999999996,11.4,2010-02-19 00:00,9.6,2010-01-08 00:00,7.3,2010-01-02 00:00,7.1000000000000005,2010-03-21 00:00,,,,,11.4,11.4,9.6,7.3,6.4,4.6000000000000005,2.3000000000000003,San Andreas-Gold Strike Road,"501 GOLD STRIKE ROAD, SAN ANDREAS",California,Calaveras,San Andreas,,2015-04-01
5398,6,11,1002,88101,1,39.202935,-122.017728,WGS84,PM2.5 - Local Conditions,24 HOUR,PM25 Annual 2006,Quarterly Means of Daily Means,R & P Model 2025 PM2.5 Sequential w/WINS - GRAVIMETRIC,2010,Micrograms/cubic meter (LC),No Events,45,70,N,43,61,0,22,,,Certification not required,0,5.033333,2.7596939999999996,17.0,2010-02-19 00:00,12.2,2010-07-01 00:00,8.1,2010-10-08 00:00,8.0,2010-07-13 00:00,,,,,17.0,17.0,8.1,7.4,6.0,4.9,2.8000000000000003,Colusa-Sunrise Blvd,"100 SUNRISE BLVD., COLUSA",California,Colusa,Colusa,,2015-05-20
5452,6,13,2,88101,1,37.936013,-122.026154,WGS84,PM2.5 - Local Conditions,24 HOUR,PM25 Annual 2006,Quarterly Means of Daily Means,R & P Model 2025 PM-2.5 Sequential Air Sampler w/VSCC - Gravimetric,2010,Micrograms/cubic meter (LC),No Events,238,98,Y,238,243,0,5,,,Certification not required,0,7.7315130000000005,6.397723,36.4,2010-01-16 00:00,35.0,2010-12-04 00:00,32.3,2010-01-06 00:00,32.1,2010-01-07 00:00,,,,,32.1,26.8,18.7,11.9,8.5,5.5,2.9,Concord,2956-A TREAT BOULEVARD,California,Contra Costa,Concord,"San Francisco-Oakland-Hayward, CA",2015-04-01
5456,6,13,2,88101,2,37.936013,-122.026154,WGS84,PM2.5 - Local Conditions,24 HOUR,PM25 Annual 2006,Quarterly Means of Daily Means,R & P Model 2025 PM-2.5 Sequential Air Sampler w/VSCC - Gravimetric,2010,Micrograms/cubic meter (LC),No Events,51,96,Y,51,53,0,3,,,Certification not required,0,7.02549,5.224781,35.7,2010-12-04 00:00,19.9,2010-01-08 00:00,14.5,2010-07-19 00:00,12.6,2010-02-01 00:00,,,,,35.7,19.9,14.5,9.6,8.4,6.0,3.4,Concord,2956-A TREAT BOULEVARD,California,Contra Costa,Concord,"San Francisco-Oakland-Hayward, CA",2015-04-01
5876,6,19,8,88101,1,36.781333000000004,-119.77318999999999,WGS84,PM2.5 - Local Conditions,24 HOUR,PM25 Annual 2006,Quarterly Means of Daily Means,R & P Model 2025 PM2.5 Sequential w/WINS - GRAVIMETRIC,2010,Micrograms/cubic meter (LC),Concurred Events Excluded,342,94,Y,342,365,1,23,,,Certification not required,0,13.296784,11.018921,58.3,2010-12-03 00:00,56.1,2010-12-04 00:00,50.5,2010-11-25 00:00,50.2,2010-01-01 00:00,,,,,50.2,48.8,39.1,30.3,15.8,9.2,4.1,"3425 N FIRST ST, FRESNO","3425 N FIRST ST, FRESNO",California,Fresno,Fresno,"Fresno, CA",2015-04-01
5877,6,19,8,88101,1,36.781333000000004,-119.77318999999999,WGS84,PM2.5 - Local Conditions,24 HOUR,PM25 Annual 2006,Quarterly Means of Daily Means,R & P Model 2025 PM2.5 Sequential w/WINS - GRAVIMETRIC,2010,Micrograms/cubic meter (LC),Events Excluded,341,94,Y,342,365,0,23,,,Certification not required,0,13.217009,10.935759,58.3,2010-12-03 00:00,56.1,2010-12-04 00:00,50.5,2010-11-25 00:00,50.2,2010-01-01 00:00,,,,,50.2,48.8,38.4,30.2,15.6,9.2,4.0,"3425 N FIRST ST, FRESNO","3425 N FIRST ST, FRESNO",California,Fresno,Fresno,"Fresno, CA",2015-04-01
5878,6,19,8,88101,1,36.781333000000004,-119.77318999999999,WGS84,PM2.5 - Local Conditions,24 HOUR,PM25 Annual 2006,Quarterly Means of Daily Means,R & P Model 2025 PM2.5 Sequential w/WINS - GRAVIMETRIC,2010,Micrograms/cubic meter (LC),Events Inclucded,342,94,Y,342,365,1,23,,,Certification not required,0,13.296784,11.018921,58.3,2010-12-03 00:00,56.1,2010-12-04 00:00,50.5,2010-11-25 00:00,50.2,2010-01-01 00:00,,,,,50.2,48.8,39.1,30.3,15.8,9.2,4.1,"3425 N FIRST ST, FRESNO","3425 N FIRST ST, FRESNO",California,Fresno,Fresno,"Fresno, CA",2015-04-01
5884,6,19,8,88101,2,36.781333000000004,-119.77318999999999,WGS84,PM2.5 - Local Conditions,24 HOUR,PM25 Annual 2006,Quarterly Means of Daily Means,R & P Model 2025 PM2.5 Sequential w/WINS - GRAVIMETRIC,2010,Micrograms/cubic meter (LC),No Events,64,98,Y,60,61,0,7,,,Certification not required,0,12.357813,11.419154,59.2,2010-12-04 00:00,48.9,2010-01-08 00:00,40.3,2010-11-16 00:00,39.1,2010-01-02 00:00,,,,,59.2,48.9,40.3,32.5,14.0,8.5,4.6000000000000005,"3425 N FIRST ST, FRESNO","3425 N FIRST ST, FRESNO",California,Fresno,Fresno,"Fresno, CA",2015-04-01
6219,6,19,5025,88101,1,36.72639,-119.73299999999999,WGS84,PM2.5 - Local Conditions,24 HOUR,PM25 Annual 2006,Quarterly Means of Daily Means,Andersen RAAS2.5-300 PM2.5 SEQ w/WINS - GRAVIMETRIC,2010,Micrograms/cubic meter (LC),No Events,86,88,Y,81,92,0,6,,,Certification not required,0,14.734884,9.669744,46.4,2010-12-09 00:00,40.2,2010-12-02 00:00,37.0,2010-11-13 00:00,35.0,2010-09-29 00:00,,,,,40.2,37.0,34.7,27.6,16.9,10.2,4.9,Fresno-Pacific,"1716 WINERY, FRESNO CA 93726",California,Fresno,Fresno,"Fresno, CA",2015-04-01
6288,6,23,1002,88101,1,40.80178,-124.1621,WGS84,PM2.5 - Local Conditions,24 HOUR,PM25 Annual 2006,Quarterly Means of Daily Means,R & P Model 2000 PM2.5 Sampler w/WINS - GRAVIMETRIC,2010,Micrograms/cubic meter (LC),No Events,89,97,Y,89,92,0,2,,,Certification not required,0,5.824719,3.739874,21.8,2010-01-02 00:00,17.400000000000002,2010-11-25 00:00,15.8,2010-12-16 00:00,13.2,2010-11-28 00:00,,,,,17.400000000000002,15.8,12.5,9.3,7.4,4.9,2.2,Eureka I Street,"I STREET, EUREKA",California,Humboldt,Eureka,"Eureka-Arcata-Fortuna, CA",2015-04-01
6309,6,23,1004,88101,1,40.776944,-124.1775,WGS84,PM2.5 - Local Conditions,24 HOUR,PM25 Annual 2006,Quarterly Means of Daily Means,R & P Model 2000 PM2.5 Sampler w/WINS - GRAVIMETRIC,2010,Micrograms/cubic meter (LC),No Events,87,95,Y,87,92,0,5,,,Certification not required,0,5.9839080000000004,4.1206760000000004,21.6,2010-12-16 00:00,21.2,2010-01-02 00:00,17.7,2010-11-25 00:00,15.8,2010-11-28 00:00,,,,,21.2,17.7,11.6,9.8,7.9,4.5,2.1,Jacobs,717 SOUTH AVENUE,California,Humboldt,Eureka,"Eureka-Arcata-Fortuna, CA",2015-04-01
6413,6,25,5,88101,1,32.676186,-115.484144,WGS84,PM2.5 - Local Conditions,24 HOUR,PM25 Annual 2006,Quarterly Means of Daily Means,R & P Model 2025 PM2.5 Sequential w/WINS - GRAVIMETRIC,2010,Micrograms/cubic meter (LC),Events Inclucded,112,92,Y,112,122,2,10,,,Requested but not yet concurred,0,12.866071,7.477179,50.9,2010-12-04 00:00,41.0,2010-06-28 00:00,31.7,2010-12-10 00:00,28.4,2010-11-10 00:00,,,,,41.0,31.7,25.1,21.9,15.4,12.2,5.0,Calexico-Ethel Street,"1029 ETHEL ST, CALEXICO HIGH SCHOOL",California,Imperial,Calexico,"El Centro, CA",2015-04-01
6414,6,25,5,88101,1,32.676186,-115.484144,WGS84,PM2.5 - Local Conditions,24 HOUR,PM25 Annual 2006,Quarterly Means of Daily Means,R & P Model 2025 PM2.5 Sequential w/WINS - GRAVIMETRIC,2010,Micrograms/cubic meter (LC),Events Excluded,110,92,Y,112,122,0,10,,,Requested but not yet concurred,0,12.264545,6.0029900000000005,31.7,2010-12-10 00:00,28.4,2010-11-10 00:00,27.5,2010-02-04 00:00,25.1,2010-09-23 00:00,,,,,28.4,27.5,24.0,20.2,14.6,11.6,4.8,Calexico-Ethel Street,"1029 ETHEL ST, CALEXICO HIGH SCHOOL",California,Imperial,Calexico,"El Centro, CA",2015-04-01
6415,6,25,5,88101,1,32.676186,-115.484144,WGS84,PM2.5 - Local Conditions,24 HOUR,PM25 Annual 2006,Quarterly Means of Daily Means,R & P Model 2025 PM2.5 Sequential w/WINS - GRAVIMETRIC,2010,Micrograms/cubic meter (LC),Concurred Events Excluded,112,92,Y,112,122,2,10,,,Requested but not yet concurred,0,12.866071,7.477179,50.9,2010-12-04 00:00,41.0,2010-06-28 00:00,31.7,2010-12-10 00:00,28.4,2010-11-10 00:00,,,,,41.0,31.7,25.1,21.9,15.4,12.2,5.0,Calexico-Ethel Street,"1029 ETHEL ST, CALEXICO HIGH SCHOOL",California,Imperial,Calexico,"El Centro, CA",2015-04-01
6421,6,25,5,88101,2,32.676186,-115.484144,WGS84,PM2.5 - Local Conditions,24 HOUR,PM25 Annual 2006,Quarterly Means of Daily Means,R & P Model 2025 PM2.5 Sequential w/WINS - GRAVIMETRIC,2010,Micrograms/cubic meter (LC),No Events,81,95,Y,58,61,0,11,,,Requested but not yet concurred,0,12.177778,6.788759,50.4,2010-12-04 00:00,31.7,2010-12-10 00:00,23.3,2010-11-19 00:00,22.9,2010-08-12 00:00,,,,,50.4,31.7,23.3,20.1,15.7,13.2,10.0,Calexico-Ethel Street,"1029 ETHEL ST, CALEXICO HIGH SCHOOL",California,Imperial,Calexico,"El Centro, CA",2015-04-01
6500,6,25,7,88101,1,32.97833,-115.53917,WGS84,PM2.5 - Local Conditions,24 HOUR,PM25 Annual 2006,Quarterly Means of Daily Means,R & P Model 2025 PM2.5 Sequential w/WINS - GRAVIMETRIC,2010,Micrograms/cubic meter (LC),No Events,108,86,N,105,122,0,20,,,Requested but not yet concurred,0,6.311111,2.811769,16.2,2010-12-04 00:00,14.9,2010-07-07 00:00,12.9,2010-02-07 00:00,12.4,2010-06-04 00:00,,,,,14.9,12.9,11.7,10.2,7.8,6.0,3.3000000000000003,Brawley-220 Main Street,"220 MAIN ST., STE 204, BRAWLEY",California,Imperial,Brawley,"El Centro, CA",2015-04-01
6521,6,25,1003,88101,1,32.79222,-115.56306,WGS84,PM2.5 - Local Conditions,24 HOUR,PM25 Annual 2006,Quarterly Means of Daily Means,R & P Model 2025 PM2.5 Sequential w/WINS - GRAVIMETRIC,2010,Micrograms/cubic meter (LC),No Events,115,94,Y,115,122,0,8,,,Requested but not yet concurred,0,6.596521999999998,3.350044,19.9,2010-01-17 00:00,17.0,2010-11-19 00:00,13.4,2010-02-04 00:00,12.8,2010-07-19 00:00,,,,,17.0,13.4,12.2,10.8,9.0,6.0,3.0,El Centro-9th Street,"150 9TH ST., EL CENTRO",California,Imperial,El Centro,"El Centro, CA",2015-04-01
6697,6,27,1003,88101,1,36.487823,-117.871036,WGS84,PM2.5 - Local Conditions,24 HOUR,PM25 Annual 2006,Quarterly Means of Daily Means,Multiple Methods Used,2010,Micrograms/cubic meter (LC),No Events,110,90,N,110,122,0,14,,,Certification not required,0,5.5454550000000005,5.5150109999999986,44.0,2010-06-10 00:00,28.0,2010-07-16 00:00,18.0,2010-04-11 00:00,18.0,2010-07-19 00:00,,,,,28.0,18.0,17.0,11.0,6.0,4.0,2.0,Keeler,"KEELER, 190 Cerro Gordo Road",California,Inyo,Keeler,"Bishop, CA",2015-04-01
6701,6,27,1003,88101,2,36.487823,-117.871036,WGS84,PM2.5 - Local Conditions,24 HOUR,PM25 Annual 2006,Quarterly Means of Daily Means,Multiple Methods Used,2010,Micrograms/cubic meter (LC),No Events,24,80,N,24,30,0,6,,,Certification not required,0,4.8333330000000005,2.729336,15.0,2010-07-19 00:00,7.0,2010-03-21 00:00,7.0,2010-04-26 00:00,7.0,2010-09-17 00:00,,,,,15.0,15.0,7.0,7.0,6.0,4.0,2.0,Keeler,"KEELER, 190 Cerro Gordo Road",California,Inyo,Keeler,"Bishop, CA",2015-04-01
6811,6,29,11,88101,1,35.050551,-118.14729399999999,WGS84,PM2.5 - Local Conditions,24 HOUR,PM25 Annual 2006,Quarterly Means of Daily Means,R & P Model 2025 PM2.5 Sequential w/WINS - GRAVIMETRIC,2010,Micrograms/cubic meter (LC),No Events,53,43,N,53,122,0,8,,,Certification not required,0,4.6905660000000005,2.349571,10.0,2010-04-26 00:00,9.0,2010-09-29 00:00,8.8,2010-04-14 00:00,8.3,2010-07-25 00:00,,,,,10.0,9.0,8.8,7.8,6.0,4.7,1.6,Mojave," 923 POOLE STREET, MOJAVE, CA 93501",California,Kern,Mojave,"Bakersfield, CA",2015-04-01
6972,6,29,14,88101,1,35.356601,-119.063542,NAD83,PM2.5 - Local Conditions,24 HOUR,PM25 Annual 2006,Quarterly Means of Daily Means,R & P Model 2025 PM-2.5 Sequential Air Sampler w/VSCC - Gravimetric,2010,Micrograms/cubic meter (LC),Events Inclucded,322,88,Y,322,365,1,38,,,Certification not required,0,14.226398000000001,12.087372,92.2,2010-07-04 00:00,70.3,2010-12-04 00:00,66.5,2010-12-03 00:00,57.2,2010-12-05 00:00,,,,,57.2,53.3,39.3,31.9,16.5,9.9,5.4,Bakersfield-California,"5558 California Ave., Bakersfield CA 93309",California,Kern,Bakersfield,"Bakersfield, CA",2015-07-13
6973,6,29,14,88101,1,35.356601,-119.063542,NAD83,PM2.5 - Local Conditions,24 HOUR,PM25 Annual 2006,Quarterly Means of Daily Means,R & P Model 2025 PM-2.5 Sequential Air Sampler w/VSCC - Gravimetric,2010,Micrograms/cubic meter (LC),Events Excluded,321,88,Y,322,365,0,38,,,Certification not required,0,13.983489,11.291693,70.3,2010-12-04 00:00,66.5,2010-12-03 00:00,57.2,2010-12-05 00:00,53.6,2010-12-02 00:00,,,,,53.6,46.0,39.3,31.8,16.3,9.9,5.4,Bakersfield-California,"5558 California Ave., Bakersfield CA 93309",California,Kern,Bakersfield,"Bakersfield, CA",2015-07-13
6974,6,29,14,88101,1,35.356601,-119.063542,NAD83,PM2.5 - Local Conditions,24 HOUR,PM25 Annual 2006,Quarterly Means of Daily Means,R & P Model 2025 PM-2.5 Sequential Air Sampler w/VSCC - Gravimetric,2010,Micrograms/cubic meter (LC),Concurred Events Excluded,322,88,Y,322,365,1,38,,,Certification not required,0,14.226398000000001,12.087372,92.2,2010-07-04 00:00,70.3,2010-12-04 00:00,66.5,2010-12-03 00:00,57.2,2010-12-05 00:00,,,,,57.2,53.3,39.3,31.9,16.5,9.9,5.4,Bakersfield-California,"5558 California Ave., Bakersfield CA 93309",California,Kern,Bakersfield,"Bakersfield, CA",2015-07-13
6980,6,29,14,88101,2,35.356601,-119.063542,NAD83,PM2.5 - Local Conditions,24 HOUR,PM25 Annual 2006,Quarterly Means of Daily Means,R & P Model 2025 PM-2.5 Sequential Air Sampler w/VSCC - Gravimetric,2010,Micrograms/cubic meter (LC),No Events,54,89,N,54,61,0,6,,,Certification not required,0,13.370370000000001,10.954703,54.3,2010-12-04 00:00,49.1,2010-02-07 00:00,38.7,2010-12-10 00:00,36.2,2010-11-04 00:00,,,,,54.3,49.1,38.7,23.4,17.2,9.6,5.1000000000000005,Bakersfield-California,"5558 California Ave., Bakersfield CA 93309",California,Kern,Bakersfield,"Bakersfield, CA",2015-07-13
7104,6,29,15,88101,1,35.62108999999999,-117.67296,WGS84,PM2.5 - Local Conditions,24 HOUR,PM25 Annual 2006,Quarterly Means of Daily Means,R & P Model 2025 PM2.5 Sequential w/WINS - GRAVIMETRIC,2010,Micrograms/cubic meter (LC),No Events,57,93,Y,57,61,0,4,,,Certification not required,0,5.0947369999999985,3.13525,19.5,2010-09-17 00:00,12.0,2010-12-10 00:00,10.9,2010-01-02 00:00,10.6,2010-07-25 00:00,,,,,19.5,12.0,10.9,9.0,6.2,4.4,1.9,Ridgecrest-California Ave,"100 WEST CALIFORNIA AVE, RIDGECREST, CA",California,Kern,Ridgecrest,"Bakersfield, CA",2015-05-01
7121,6,29,16,88101,1,35.322928000000005,-118.99916699999999,WGS84,PM2.5 - Local Conditions,24 HOUR,PM25 Annual 2006,Quarterly Means of Daily Means,R & P Model 2025 PM-2.5 Sequential Air Sampler w/VSCC - Gravimetric,2010,Micrograms/cubic meter (LC),Events Excluded,104,83,N,101,122,0,16,,,Certification not required,0,16.132692000000002,11.944576,87.3,2010-12-04 00:00,56.2,2010-01-05 00:00,46.9,2010-12-10 00:00,41.7,2010-11-17 00:00,,,,,56.2,46.9,37.4,28.2,20.3,13.2,7.2,Bakersfield-Airport (Planz),"410 E. PLANZ RD. BAKERSFIELD, CA  93307",California,Kern,Bakersfield,"Bakersfield, CA",2015-08-18
7122,6,29,16,88101,1,35.322928000000005,-118.99916699999999,WGS84,PM2.5 - Local Conditions,24 HOUR,PM25 Annual 2006,Quarterly Means of Daily Means,R & P Model 2025 PM-2.5 Sequential Air Sampler w/VSCC - Gravimetric,2010,Micrograms/cubic meter (LC),Concurred Events Excluded,106,83,N,101,122,2,16,,,Certification not required,0,17.290566000000002,15.093761,107.8,2010-04-11 00:00,87.3,2010-12-04 00:00,56.2,2010-01-05 00:00,47.2,2010-07-04 00:00,,,,,87.3,56.2,41.7,30.3,20.8,13.4,7.3,Bakersfield-Airport (Planz),"410 E. PLANZ RD. BAKERSFIELD, CA  93307",California,Kern,Bakersfield,"Bakersfield, CA",2015-08-18
7123,6,29,16,88101,1,35.322928000000005,-118.99916699999999,WGS84,PM2.5 - Local Conditions,24 HOUR,PM25 Annual 2006,Quarterly Means of Daily Means,R & P Model 2025 PM-2.5 Sequential Air Sampler w/VSCC - Gravimetric,2010,Micrograms/cubic meter (LC),Events Inclucded,106,83,N,101,122,2,16,,,Certification not required,0,17.290566000000002,15.093761,107.8,2010-04-11 00:00,87.3,2010-12-04 00:00,56.2,2010-01-05 00:00,47.2,2010-07-04 00:00,,,,,87.3,56.2,41.7,30.3,20.8,13.4,7.3,Bakersfield-Airport (Planz),"410 E. PLANZ RD. BAKERSFIELD, CA  93307",California,Kern,Bakersfield,"Bakersfield, CA",2015-08-18
7379,6,31,4,88101,1,36.10218,-119.56695400000001,WGS84,PM2.5 - Local Conditions,24 HOUR,PM25 Annual 2006,Quarterly Means of Daily Means,Andersen RAAS2.5-300 PM2.5 SEQ w/WINS - GRAVIMETRIC,2010,Micrograms/cubic meter (LC),No Events,83,90,N,83,92,0,4,,,Certification not required,0,14.578313,10.697356,54.1,2010-11-04 00:00,46.6,2010-11-16 00:00,46.5,2010-12-04 00:00,36.5,2010-02-04 00:00,,,,,46.6,46.5,35.30000000000001,26.0,16.0,10.2,4.6000000000000005,Corcoran-Patterson,1520 PATTERSON AVE.,California,Kings,Corcoran,"Hanford-Corcoran, CA",2015-04-01
7458,6,33,3001,88101,1,39.0327,-122.92228999999999,WGS84,PM2.5 - Local Conditions,24 HOUR,PM25 Annual 2006,Quarterly Means of Daily Means,Multiple Methods Used,2010,Micrograms/cubic meter (LC),No Events,61,98,Y,60,61,0,3,,,Certification not required,0,3.07541,1.374003,6.4,2010-07-19 00:00,5.9,2010-09-29 00:00,5.5,2010-08-06 00:00,5.3,2010-04-26 00:00,,,,,6.4,5.9,5.5,5.1000000000000005,4.3,3.0,1.5,Lakeport-Lakeport Blvd.,"905 LAKEPORT BLVD., LAKEPORT",California,Lake,Lakeport,"Clearlake, CA",2016-06-13
7735,6,37,2,88101,1,34.136500000000005,-117.92391,WGS84,PM2.5 - Local Conditions,24 HOUR,PM25 Annual 2006,Quarterly Means of Daily Means,Andersen RAAS2.5-300 PM2.5 SEQ w/WINS - GRAVIMETRIC,2010,Micrograms/cubic meter (LC),No Events,93,76,N,93,122,0,29,,,Certification not required,0,11.020430000000001,6.908353,44.4,2010-04-02 00:00,35.4,2010-10-14 00:00,31.5,2010-12-10 00:00,24.9,2010-07-04 00:00,,,,,44.4,35.4,22.6,17.2,13.2,10.2,4.2,Azusa,"803 N. LOREN AVE., AZUSA",California,Los Angeles,Azusa,"Los Angeles-Long Beach-Anaheim, CA",2015-04-01
8017,6,37,1002,88101,1,34.17605,-118.31711999999999,WGS84,PM2.5 - Local Conditions,24 HOUR,PM25 Annual 2006,Quarterly Means of Daily Means,Andersen RAAS2.5-300 PM2.5 SEQ w/WINS - GRAVIMETRIC,2010,Micrograms/cubic meter (LC),No Events,322,88,Y,322,365,0,43,,,Certification not required,0,12.450621,6.3979659999999985,43.7,2010-10-16 00:00,38.7,2010-10-14 00:00,37.0,2010-10-15 00:00,36.5,2010-12-04 00:00,,,,,36.5,31.8,24.4,20.1,15.0,11.3,5.8,Burbank,"228 W. PALM AVE., BURBANK",California,Los Angeles,Burbank,"Los Angeles-Long Beach-Anaheim, CA",2015-04-01
8331,6,37,1103,88101,1,34.066590000000005,-118.22688000000001,WGS84,PM2.5 - Local Conditions,24 HOUR,PM25 Annual 2006,Quarterly Means of Daily Means,Andersen RAAS2.5-300 PM2.5 SEQ w/WINS - GRAVIMETRIC,2010,Micrograms/cubic meter (LC),No Events,313,86,N,313,365,0,52,,,Certification not required,0,11.929393,5.785900000000002,39.2,2010-10-14 00:00,37.5,2010-02-18 00:00,33.9,2010-12-04 00:00,31.3,2010-02-01 00:00,,,,,31.3,27.1,23.6,19.2,14.3,11.0,5.8,Los Angeles-North Main Street,"1630 N MAIN ST, LOS ANGELES",California,Los Angeles,Los Angeles,"Los Angeles-Long Beach-Anaheim, CA",2015-04-01
8335,6,37,1103,88101,2,34.066590000000005,-118.22688000000001,WGS84,PM2.5 - Local Conditions,24 HOUR,PM25 Annual 2006,Quarterly Means of Daily Means,Andersen RAAS2.5-300 PM2.5 SEQ w/WINS - GRAVIMETRIC,2010,Micrograms/cubic meter (LC),No Events,75,98,Y,60,61,0,3,,,Certification not required,0,12.393333,6.194927,31.7,2010-12-04 00:00,30.4,2010-02-01 00:00,28.0,2010-04-26 00:00,26.0,2010-12-10 00:00,,,,,31.7,30.4,28.0,23.3,16.2,12.3,8.8,Los Angeles-North Main Street,"1630 N MAIN ST, LOS ANGELES",California,Los Angeles,Los Angeles,"Los Angeles-Long Beach-Anaheim, CA",2015-12-08
8502,6,37,1201,88101,1,34.19925,-118.53276000000001,WGS84,PM2.5 - Local Conditions,24 HOUR,PM25 Annual 2006,Quarterly Means of Daily Means,Andersen RAAS2.5-300 PM2.5 SEQ w/WINS - GRAVIMETRIC,2010,Micrograms/cubic meter (LC),No Events,100,82,N,100,122,0,22,,,Certification not required,0,10.166,5.976794,40.7,2010-12-04 00:00,33.8,2010-12-25 00:00,30.4,2010-10-14 00:00,22.4,2010-02-01 00:00,,,,,40.7,33.8,20.4,15.2,12.5,9.7,4.2,Reseda,"18330 GAULT ST., RESEDA",California,Los Angeles,Reseda,"Los Angeles-Long Beach-Anaheim, CA",2015-04-01
8538,6,37,1302,88101,1,33.901389,-118.205,WGS84,PM2.5 - Local Conditions,24 HOUR,PM25 Annual 2006,Quarterly Means of Daily Means,Andersen RAAS2.5-300 PM2.5 SEQ w/WINS - GRAVIMETRIC,2010,Micrograms/cubic meter (LC),No Events,111,91,Y,111,122,0,11,,,Certification not required,0,12.503604,6.496893,38.2,2010-12-04 00:00,34.5,2010-12-31 00:00,31.8,2010-02-01 00:00,30.7,2010-01-08 00:00,,,,,34.5,31.8,27.0,20.7,14.6,11.2,6.3,Compton,700 North Bullis Road,California,Los Angeles,Compton,"Los Angeles-Long Beach-Anaheim, CA",2015-04-01
8704,6,37,1602,88101,1,34.01194,-118.06995,WGS84,PM2.5 - Local Conditions,24 HOUR,PM25 Annual 2006,Quarterly Means of Daily Means,Andersen RAAS2.5-300 PM2.5 SEQ w/WINS - GRAVIMETRIC,2010,Micrograms/cubic meter (LC),No Events,117,96,Y,117,122,0,5,,,Certification not required,0,12.495726,5.994371,34.9,2010-12-04 00:00,32.2,2010-07-04 00:00,32.0,2010-02-01 00:00,29.4,2010-10-14 00:00,,,,,32.2,32.0,27.3,17.2,15.0,11.7,6.2,Pico Rivera #2,"4144 SAN GABRIEL RIVER PKWY, PICO RIVERA",California,Los Angeles,Pico Rivera,"Los Angeles-Long Beach-Anaheim, CA",2015-04-01
8748,6,37,2005,88101,1,34.132600000000004,-118.1272,WGS84,PM2.5 - Local Conditions,24 HOUR,PM25 Annual 2006,Quarterly Means of Daily Means,Andersen RAAS2.5-300 PM2.5 SEQ w/WINS - GRAVIMETRIC,2010,Micrograms/cubic meter (LC),No Events,97,80,N,97,122,0,25,,,Certification not required,0,10.135052,4.531718,35.2,2010-10-14 00:00,24.0,2010-02-01 00:00,18.0,2010-12-25 00:00,16.0,2010-06-07 00:00,,,,,35.2,24.0,16.0,14.8,12.5,9.8,4.8,Pasadena,"752 S. WILSON AVE., PASADENA",California,Los Angeles,Pasadena,"Los Angeles-Long Beach-Anaheim, CA",2015-04-01
8842,6,37,4002,88101,1,33.82376,-118.18921,WGS84,PM2.5 - Local Conditions,24 HOUR,PM25 Annual 2006,Quarterly Means of Daily Means,Andersen RAAS2.5-300 PM2.5 SEQ w/WINS - GRAVIMETRIC,2010,Micrograms/cubic meter (LC),No Events,338,93,Y,338,365,0,27,,,Certification not required,0,10.55355,5.081181,35.0,2010-12-05 00:00,29.8,2010-01-07 00:00,29.8,2010-12-03 00:00,29.8,2010-12-04 00:00,,,,,29.8,28.3,19.9,16.8,12.2,9.9,5.2,Long Beach (North),"3648 N. LONG BEACH BLVD., LONG BEACH",California,Los Angeles,Long Beach,"Los Angeles-Long Beach-Anaheim, CA",2015-09-30
8869,6,37,4004,88101,1,33.792359999999995,-118.17533,WGS84,PM2.5 - Local Conditions,24 HOUR,PM25 Annual 2006,Quarterly Means of Daily Means,Andersen RAAS2.5-300 PM2.5 SEQ w/WINS - GRAVIMETRIC,2010,Micrograms/cubic meter (LC),No Events,351,96,Y,351,365,0,14,,,Certification not required,0,10.366382000000002,4.971003,33.7,2010-12-05 00:00,30.9,2010-01-07 00:00,29.8,2010-01-08 00:00,29.8,2010-04-26 00:00,,,,,29.8,26.5,19.1,16.0,12.5,9.7,5.0,Long Beach (South),"1305 E. Pacific Coast Hwy., Long Beach",California,Los Angeles,Long Beach,"Los Angeles-Long Beach-Anaheim, CA",2016-05-11
9508,6,37,9033,88101,1,34.671394,-118.131456,WGS84,PM2.5 - Local Conditions,24 HOUR,PM25 Annual 2006,Quarterly Means of Daily Means,R & P Model 2000 PM2.5 Sampler w/WINS - GRAVIMETRIC,2010,Micrograms/cubic meter (LC),No Events,57,16,N,57,365,0,0,,,Certification not required,0,5.964912,3.070394,15.0,2010-01-26 00:00,14.0,2010-12-04 00:00,13.0,2010-02-02 00:00,11.0,2010-01-02 00:00,,,,,15.0,14.0,13.0,10.0,8.0,6.0,2.0,Lancaster-Division Street,"43301 DIVISION ST., LANCASTER, CA",California,Los Angeles,Lancaster,"Los Angeles-Long Beach-Anaheim, CA",2017-03-16
9891,6,47,2510,88101,1,37.308537,-120.480993,WGS84,PM2.5 - Local Conditions,24 HOUR,PM25 Annual 2006,Quarterly Means of Daily Means,Andersen RAAS2.5-300 PM2.5 SEQ w/WINS - GRAVIMETRIC,2010,Micrograms/cubic meter (LC),No Events,84,89,Y,82,92,0,6,,,Certification not required,0,12.497619,9.389394,46.9,2010-12-04 00:00,39.1,2010-12-01 00:00,35.5,2010-01-08 00:00,34.5,2010-02-04 00:00,,,,,39.1,35.5,28.1,25.5,13.5,8.2,3.9,Merced-M Street,"2334 'M' ST. MERCED, CA",California,Merced,Merced,"Merced, CA",2015-04-01
10005,6,53,1003,88101,2,36.69676,-121.63718200000001,WGS84,PM2.5 - Local Conditions,24 HOUR,PM25 Annual 2006,Quarterly Means of Daily Means,R & P Model 2000 PM2.5 Sampler w/WINS - GRAVIMETRIC,2010,Micrograms/cubic meter (LC),No Events,61,100,Y,61,61,0,0,,,Certification not required,0,4.537705,1.9796599999999998,9.8,2010-06-13 00:00,9.8,2010-11-28 00:00,9.1,2010-08-24 00:00,8.3,2010-07-19 00:00,,,,,9.8,9.8,8.3,7.0,5.7,4.3,2.3000000000000003,Salinas 3,867 E. LAUREL Dr,California,Monterey,Salinas,"Salinas, CA",2016-08-24
10068,6,57,5,88101,1,39.234331,-121.056591,WGS84,PM2.5 - Local Conditions,24 HOUR,PM25 Annual 2006,Quarterly Means of Daily Means,R & P Model 2000 PM2.5 Sampler w/WINS - GRAVIMETRIC,2010,Micrograms/cubic meter (LC),No Events,46,75,N,46,61,0,22,,,Certification not required,0,4.758696,2.364983,10.5,2010-08-06 00:00,9.5,2010-07-07 00:00,8.3,2010-07-25 00:00,7.9,2010-07-19 00:00,,,,,10.5,10.5,8.3,7.9,6.0,5.1000000000000005,1.0,Grass Valley-Litton Building,"200 LITTON DR.,  GRASS VALLEY, CA",California,Nevada,Grass Valley,"Truckee-Grass Valley, CA",2016-08-29
10104,6,57,1001,88101,1,39.338504,-120.171291,WGS84,PM2.5 - Local Conditions,24 HOUR,PM25 Annual 2006,Quarterly Means of Daily Means,R & P Model 2025 PM2.5 Sequential w/WINS - GRAVIMETRIC,2010,Micrograms/cubic meter (LC),No Events,32,25,N,31,122,0,10,,,Certification not required,0,5.878125,3.025988,14.2,2010-01-29 00:00,12.6,2010-01-05 00:00,10.8,2010-01-11 00:00,9.5,2010-02-22 00:00,,,,,14.2,14.2,12.6,9.5,8.2,5.2,3.1,Truckee-Fire Station,"FS-10049 DONNER PASS RD, TRUCKEE",California,Nevada,Truckee,"Truckee-Grass Valley, CA",2015-12-23
10108,6,57,1001,88101,2,39.338504,-120.171291,WGS84,PM2.5 - Local Conditions,24 HOUR,PM25 Annual 2006,Quarterly Means of Daily Means,R & P Model 2025 PM2.5 Sequential w/WINS - GRAVIMETRIC,2010,Micrograms/cubic meter (LC),No Events,57,93,Y,57,61,0,8,,,Certification not required,0,4.7385959999999985,1.9009169999999997,10.5,2010-01-08 00:00,9.6,2010-02-01 00:00,9.0,2010-02-19 00:00,9.0,2010-12-04 00:00,,,,,10.5,9.6,9.0,8.1,5.3,4.3,2.9,Truckee-Fire Station,"FS-10049 DONNER PASS RD, TRUCKEE",California,Nevada,Truckee,"Truckee-Grass Valley, CA",2015-04-01
10159,6,59,7,88101,1,33.83062,-117.93845,WGS84,PM2.5 - Local Conditions,24 HOUR,PM25 Annual 2006,Quarterly Means of Daily Means,Andersen RAAS2.5-300 PM2.5 SEQ w/WINS - GRAVIMETRIC,2010,Micrograms/cubic meter (LC),No Events,331,91,Y,331,365,0,34,,,Certification not required,0,10.153776,4.9212099999999985,31.7,2010-12-04 00:00,31.3,2010-11-18 00:00,30.6,2010-11-17 00:00,30.3,2010-02-02 00:00,,,,,30.3,25.2,20.0,15.2,11.9,9.5,5.1000000000000005,Anaheim,1630 W. PAMPAS LANE,California,Orange,Anaheim,"Los Angeles-Long Beach-Anaheim, CA",2015-04-01
10253,6,59,2022,88101,1,33.63003,-117.67593000000001,WGS84,PM2.5 - Local Conditions,24 HOUR,PM25 Annual 2006,Quarterly Means of Daily Means,Andersen RAAS2.5-300 PM2.5 SEQ w/WINS - GRAVIMETRIC,2010,Micrograms/cubic meter (LC),No Events,116,95,Y,116,122,0,6,,,Certification not required,0,7.987069,3.251449,19.9,2010-02-01 00:00,17.7,2010-12-04 00:00,17.3,2010-04-26 00:00,15.4,2010-11-19 00:00,,,,,17.7,17.3,13.9,11.8,10.0,8.1,4.4,Mission Viejo,"26081 VIA PERA, MISSION VIEJO, CA 92691",California,Orange,Mission Viejo,"Los Angeles-Long Beach-Anaheim, CA",2015-04-01
10352,6,61,6,88101,1,38.745726,-121.26631200000001,WGS84,PM2.5 - Local Conditions,24 HOUR,PM25 Annual 2006,Quarterly Means of Daily Means,R & P Model 2000 PM2.5 Sampler w/WINS - GRAVIMETRIC,2010,Micrograms/cubic meter (LC),No Events,60,98,Y,60,61,0,2,,,Certification not required,0,6.648333,4.202844,27.3,2010-12-10 00:00,20.3,2010-01-08 00:00,14.9,2010-01-02 00:00,12.2,2010-11-28 00:00,,,,,27.3,20.3,14.9,10.1,8.0,6.1000000000000005,3.2,Roseville-N Sunrise Ave," 151 NO SUNRISE BLVD, ROSEVILLE, CA",California,Placer,Roseville,"Sacramento--Roseville--Arden-Arcade, CA",2015-07-06
10369,6,63,1006,88101,1,39.937099,-120.93882099999999,WGS84,PM2.5 - Local Conditions,24 HOUR,PM25 Annual 2006,Quarterly Means of Daily Means,R & P Model 2025 PM2.5 Sequential w/WINS - GRAVIMETRIC,2010,Micrograms/cubic meter (LC),No Events,114,93,Y,114,122,0,8,,,Certification not required,0,7.0245609999999985,4.861872,29.5,2010-01-05 00:00,24.2,2010-01-08 00:00,21.4,2010-02-16 00:00,19.5,2010-12-22 00:00,,,,,24.2,21.4,18.5,13.7,8.0,5.7,2.9,Quincy-N Church Street,"267 N. CHURCH ST., QUINCY, CA. 95971",California,Plumas,Quincy,,2016-02-19
10392,6,63,1009,88101,1,39.808333000000005,-120.471667,WGS84,PM2.5 - Local Conditions,24 HOUR,PM25 Annual 2006,Quarterly Means of Daily Means,R & P Model 2025 PM2.5 Sequential w/WINS - GRAVIMETRIC,2010,Micrograms/cubic meter (LC),No Events,117,96,Y,117,122,0,7,,,Certification not required,0,9.605983,8.081356999999999,38.2,2010-12-07 00:00,36.3,2010-12-01 00:00,35.5,2010-12-13 00:00,29.3,2010-12-04 00:00,,,,,36.3,35.5,26.3,21.5,13.1,6.5,2.8000000000000003,Portola-161 Nevada Street,"161 NEVADA ST, PORTOLA, CA   96122",California,Plumas,Portola,,2015-04-01
10505,6,65,9,88101,2,33.447866999999995,-117.088649,WGS84,PM2.5 - Local Conditions,24 HOUR,PM25 Annual 2006,Quarterly Means of Daily Means,R & P Model 2000 PM-2.5 Air Sampler w/VSCC - Gravimetric,2010,Micrograms/cubic meter (LC),No Events,22,36,N,22,61,0,0,,,Certification not required,0,7.013636,2.699611,11.5,2010-09-05 00:00,10.4,2010-10-11 00:00,10.0,2010-08-24 00:00,9.8,2010-09-11 00:00,,,,,11.5,11.5,10.4,10.0,9.0,7.5,3.7,Pechanga,"12705 Pechanga Rd., Temecula, CA 92592",California,Riverside,,"Riverside-San Bernardino-Ontario, CA",2015-04-01
10560,6,65,1003,88101,1,33.94603,-117.40063,WGS84,PM2.5 - Local Conditions,24 HOUR,PM25 Annual 2006,Quarterly Means of Daily Means,Andersen RAAS2.5-300 PM2.5 SEQ w/WINS - GRAVIMETRIC,2010,Micrograms/cubic meter (LC),No Events,115,94,Y,115,122,0,7,,,Certification not required,0,11.072174,6.0511789999999985,43.7,2010-11-19 00:00,38.7,2010-12-10 00:00,27.3,2010-12-04 00:00,25.0,2010-10-14 00:00,,,,,38.7,27.3,21.2,16.2,12.9,10.3,5.0,Riverside (Magnolia),"7002 MAGNOLIA AVE., RIVERSIDE",California,Riverside,Riverside,"Riverside-San Bernardino-Ontario, CA",2015-04-01
10646,6,65,2002,88101,1,33.70853,-116.21537,WGS84,PM2.5 - Local Conditions,24 HOUR,PM25 Annual 2006,Quarterly Means of Daily Means,Andersen RAAS2.5-300 PM2.5 SEQ w/WINS - GRAVIMETRIC,2010,Micrograms/cubic meter (LC),No Events,96,79,N,96,122,0,26,,,Certification not required,0,6.991667,2.9299060000000003,16.0,2010-12-31 00:00,14.2,2010-07-16 00:00,12.2,2010-07-04 00:00,12.0,2010-07-10 00:00,,,,,16.0,14.2,11.9,10.8,8.9,7.1000000000000005,3.2,Indio,"46-990 JACKSON ST., INDIO",California,Riverside,Indio,"Riverside-San Bernardino-Ontario, CA",2016-02-04
10650,6,65,2002,88101,2,33.70853,-116.21537,WGS84,PM2.5 - Local Conditions,24 HOUR,PM25 Annual 2006,Quarterly Means of Daily Means,Andersen RAAS2.5-300 PM2.5 SEQ w/WINS - GRAVIMETRIC,2010,Micrograms/cubic meter (LC),No Events,65,97,Y,59,61,0,2,,,Certification not required,0,6.518462,2.383989,12.3,2010-07-19 00:00,10.9,2010-12-04 00:00,10.2,2010-06-07 00:00,10.2,2010-06-19 00:00,,,,,12.3,10.9,10.2,10.0,8.5,6.9,4.0,Indio,"46-990 JACKSON ST., INDIO",California,Riverside,Indio,"Riverside-San Bernardino-Ontario, CA",2015-04-01
10687,6,65,5001,88101,1,33.85275,-116.54101000000001,WGS84,PM2.5 - Local Conditions,24 HOUR,PM25 Annual 2006,Quarterly Means of Daily Means,Andersen RAAS2.5-300 PM2.5 SEQ w/WINS - GRAVIMETRIC,2010,Micrograms/cubic meter (LC),No Events,111,91,Y,111,122,0,11,,,Certification not required,0,5.9972970000000005,2.707983,12.8,2010-07-16 00:00,12.7,2010-05-02 00:00,12.6,2010-07-19 00:00,12.2,2010-07-10 00:00,,,,,12.7,12.6,10.5,9.6,7.8,5.9,2.8000000000000003,Palm Springs,"FS-590 RACQUET CLUB AVE, PALM SPRINGS",California,Riverside,Palm Springs,"Riverside-San Bernardino-Ontario, CA",2017-01-03
11031,6,65,8001,88101,1,33.99958,-117.41601000000001,WGS84,PM2.5 - Local Conditions,24 HOUR,PM25 Annual 2006,Quarterly Means of Daily Means,Andersen RAAS2.5-300 PM2.5 SEQ w/WINS - GRAVIMETRIC,2010,Micrograms/cubic meter (LC),No Events,351,96,Y,351,365,0,14,,,Certification not required,0,13.192593,7.2987199999999985,46.5,2010-10-15 00:00,44.6,2010-12-10 00:00,44.0,2010-07-05 00:00,42.6,2010-11-19 00:00,,,,,42.6,32.0,27.7,22.0,16.4,12.3,5.3,Rubidoux,"5888 MISSION BLVD., RUBIDOUX",California,Riverside,Rubidoux,"Riverside-San Bernardino-Ontario, CA",2015-06-26
11035,6,65,8001,88101,2,33.99958,-117.41601000000001,WGS84,PM2.5 - Local Conditions,24 HOUR,PM25 Annual 2006,Quarterly Means of Daily Means,Andersen RAAS2.5-300 PM2.5 SEQ w/WINS - GRAVIMETRIC,2010,Micrograms/cubic meter (LC),No Events,60,98,Y,60,61,0,2,,,Certification not required,0,13.925,7.779278,43.3,2010-11-19 00:00,32.6,2010-12-10 00:00,30.6,2010-04-26 00:00,27.2,2010-07-07 00:00,,,,,43.3,32.6,30.6,26.2,17.2,13.3,5.2,Rubidoux,"5888 MISSION BLVD., RUBIDOUX",California,Riverside,Rubidoux,"Riverside-San Bernardino-Ontario, CA",2015-04-30
11236,6,65,8005,88101,1,33.995638,-117.49330400000001,WGS84,PM2.5 - Local Conditions,24 HOUR,PM25 Annual 2006,Quarterly Means of Daily Means,Andersen RAAS2.5-300 PM2.5 SEQ w/WINS - GRAVIMETRIC,2010,Micrograms/cubic meter (LC),No Events,340,93,Y,340,365,0,25,,,Certification not required,0,15.199118,8.141708,54.2,2010-01-01 00:00,45.8,2010-12-10 00:00,43.7,2010-07-05 00:00,41.6,2010-11-19 00:00,,,,,41.6,36.1,31.3,26.1,19.6,14.0,6.3,Mira Loma (Van Buren),5130 POINSETTIA PLACE,California,Riverside,Mira Loma,"Riverside-San Bernardino-Ontario, CA",2015-04-01
11464,6,67,6,88101,1,38.613779,-121.36801399999999,WGS84,PM2.5 - Local Conditions,24 HOUR,PM25 Annual 2006,Quarterly Means of Daily Means,R & P Model 2025 PM-2.5 Sequential Air Sampler w/VSCC - Gravimetric,2010,Micrograms/cubic meter (LC),No Events,120,96,Y,117,122,0,8,,,Certification not required,0,8.700000000000001,6.1697419999999985,33.9,2010-11-25 00:00,30.4,2010-12-04 00:00,27.0,2010-01-08 00:00,26.8,2010-01-29 00:00,,,,,30.4,27.0,24.3,17.7,10.5,7.4,3.3000000000000003,Sacramento-Del Paso Manor,"DEL PASO-2701 AVALON DR, SACRAMENTO",California,Sacramento,Arden-Arcade,"Sacramento--Roseville--Arden-Arcade, CA",2015-07-08
11468,6,67,6,88101,2,38.613779,-121.36801399999999,WGS84,PM2.5 - Local Conditions,24 HOUR,PM25 Annual 2006,Quarterly Means of Daily Means,R & P Model 2025 PM-2.5 Sequential Air Sampler w/VSCC - Gravimetric,2010,Micrograms/cubic meter (LC),No Events,28,93,Y,28,30,0,5,,,Certification not required,0,8.217857,5.722733,27.4,2010-01-08 00:00,18.7,2010-12-10 00:00,15.5,2010-02-01 00:00,15.0,2010-11-28 00:00,,,,,27.4,27.4,18.7,15.5,10.7,7.3,2.9,Sacramento-Del Paso Manor,"DEL PASO-2701 AVALON DR, SACRAMENTO",California,Sacramento,Arden-Arcade,"Sacramento--Roseville--Arden-Arcade, CA",2015-08-18
11574,6,67,10,88101,1,38.558228,-121.492981,WGS84,PM2.5 - Local Conditions,24 HOUR,PM25 Annual 2006,Quarterly Means of Daily Means,R & P Model 2025 PM2.5 Sequential w/WINS - GRAVIMETRIC,2010,Micrograms/cubic meter (LC),No Events,121,98,Y,120,122,0,4,,,Certification not required,0,8.080992,5.879503,30.6,2010-12-04 00:00,27.6,2010-01-08 00:00,27.3,2010-02-04 00:00,27.0,2010-01-29 00:00,,,,,27.6,27.3,22.9,15.7,9.6,6.3,3.0,Sacramento-1309 T Street,"1309 T ST., SACRAMENTO, CA. 95814",California,Sacramento,Sacramento,"Sacramento--Roseville--Arden-Arcade, CA",2015-08-21
11835,6,67,4001,88101,1,38.556326,-121.458499,WGS84,PM2.5 - Local Conditions,24 HOUR,PM25 Annual 2006,Quarterly Means of Daily Means,R & P Model 2025 PM-2.5 Sequential Air Sampler w/VSCC - Gravimetric,2010,Micrograms/cubic meter (LC),No Events,116,95,Y,116,122,0,7,,,Certification not required,0,7.8112070000000005,5.663088,29.0,2010-12-04 00:00,27.1,2010-01-29 00:00,26.5,2010-01-17 00:00,26.3,2010-02-04 00:00,,,,,27.1,26.5,23.7,14.9,8.8,6.2,3.0,Sacramento Health Department-Stockton Blvd.,"HLTH CTR-2221 STOCKTON BLVD, SACRAMENTO",California,Sacramento,Sacramento,"Sacramento--Roseville--Arden-Arcade, CA",2015-07-24
11987,6,71,25,88101,1,34.037234000000005,-117.69088899999998,WGS84,PM2.5 - Local Conditions,24 HOUR,PM25 Annual 2006,Quarterly Means of Daily Means,Andersen RAAS2.5-300 PM2.5 SEQ w/WINS - GRAVIMETRIC,2010,Micrograms/cubic meter (LC),No Events,112,92,Y,112,122,0,10,,,Certification not required,0,13.019643,6.332567999999998,46.1,2010-12-10 00:00,33.3,2010-11-19 00:00,31.2,2010-12-04 00:00,30.3,2010-02-01 00:00,,,,,33.3,31.2,28.3,18.5,14.6,12.6,6.6000000000000005,Ontario Fire Station,1408 FRANCIS ST.,California,San Bernardino,Ontario,"Riverside-San Bernardino-Ontario, CA",2018-05-02
12021,6,71,306,88101,1,34.510014,-117.331433,WGS84,PM2.5 - Local Conditions,24 HOUR,PM25 Annual 2006,Quarterly Means of Daily Means,R & P Model 2000 PM2.5 Sampler w/WINS - GRAVIMETRIC,2010,Micrograms/cubic meter (LC),No Events,58,16,N,58,365,0,0,,,Certification not required,0,7.2068970000000006,2.989799,18.0,2010-02-01 00:00,15.0,2010-01-26 00:00,12.0,2010-02-19 00:00,11.0,2010-01-14 00:00,,,,,18.0,15.0,12.0,11.0,8.0,8.0,3.0,Victorville-Park Avenue,"14306 PARK AVE., VICTORVILLE, CA",California,San Bernardino,Victorville,"Riverside-San Bernardino-Ontario, CA",2017-03-20
12025,6,71,306,88101,2,34.510014,-117.331433,WGS84,PM2.5 - Local Conditions,24 HOUR,PM25 Annual 2006,Quarterly Means of Daily Means,R & P Model 2000 PM2.5 Sampler w/WINS - GRAVIMETRIC,2010,Micrograms/cubic meter (LC),No Events,59,16,N,59,365,0,0,,,Certification not required,0,7.610169,3.2958540000000003,20.0,2010-02-01 00:00,16.0,2010-01-26 00:00,16.0,2010-07-07 00:00,12.0,2010-01-14 00:00,,,,,20.0,16.0,16.0,11.0,9.0,7.0,4.0,Victorville-Park Avenue,"14306 PARK AVE., VICTORVILLE, CA",California,San Bernardino,Victorville,"Riverside-San Bernardino-Ontario, CA",2017-12-05
12142,6,71,2002,88101,1,34.10002,-117.49201000000001,WGS84,PM2.5 - Local Conditions,24 HOUR,PM25 Annual 2006,Quarterly Means of Daily Means,Andersen RAAS2.5-300 PM2.5 SEQ w/WINS - GRAVIMETRIC,2010,Micrograms/cubic meter (LC),No Events,112,92,Y,112,122,0,10,,,Certification not required,0,11.932143,6.356471,42.6,2010-12-10 00:00,36.2,2010-11-19 00:00,30.8,2010-10-14 00:00,27.7,2010-02-01 00:00,,,,,36.2,30.8,22.0,17.3,14.8,11.8,4.9,Fontana,"14360 ARROW BLVD., FONTANA",California,San Bernardino,Fontana,"Riverside-San Bernardino-Ontario, CA",2015-04-01
12224,6,71,8001,88101,1,34.264444,-116.864444,WGS84,PM2.5 - Local Conditions,24 HOUR,PM25 Annual 2006,Quarterly Means of Daily Means,Andersen RAAS2.5-300 PM2.5 SEQ w/WINS - GRAVIMETRIC,2010,Micrograms/cubic meter (LC),No Events,53,87,N,53,61,0,8,,,Certification not required,0,7.6358489999999986,6.1872729999999985,35.4,2010-01-02 00:00,27.5,2010-01-08 00:00,21.0,2010-12-04 00:00,18.4,2010-11-16 00:00,,,,,35.4,27.5,21.0,12.4,9.2,5.9,2.7,Big Bear,"501 W. VALLEY BLVD., BIG BEAR CITY,",California,San Bernardino,Big Bear City,"Riverside-San Bernardino-Ontario, CA",2015-04-01
12327,6,71,9004,88101,1,34.10688,-117.27411,WGS84,PM2.5 - Local Conditions,24 HOUR,PM25 Annual 2006,Quarterly Means of Daily Means,Andersen RAAS2.5-300 PM2.5 SEQ w/WINS - GRAVIMETRIC,2010,Micrograms/cubic meter (LC),No Events,119,98,Y,119,122,0,3,,,Certification not required,0,11.171429,6.34071,39.3,2010-11-19 00:00,38.3,2010-12-10 00:00,29.7,2010-10-14 00:00,23.8,2010-07-07 00:00,,,,,38.3,29.7,23.2,17.7,14.0,10.5,4.4,San Bernardino,"24302 4TH ST., SAN BERNARDINO, CA.",California,San Bernardino,San Bernardino,"Riverside-San Bernardino-Ontario, CA",2015-04-01
12450,6,73,1,88101,1,32.631231,-117.059075,WGS84,PM2.5 - Local Conditions,24 HOUR,PM25 Annual 2006,Quarterly Means of Daily Means,R & P Model 2025 PM2.5 Sequential w/WINS - GRAVIMETRIC,2010,Micrograms/cubic meter (LC),No Events,101,83,N,101,122,0,21,,,Certification not required,0,9.591089,3.815707,22.7,2010-12-04 00:00,21.2,2010-12-10 00:00,19.4,2010-10-11 00:00,19.3,2010-12-25 00:00,,,,,21.2,19.4,16.0,15.0,11.6,8.8,5.7,Chula Vista,"80 E. 'J' ST., CHULA VISTA",California,San Diego,Chula Vista,"San Diego-Carlsbad, CA",2015-04-01
12651,6,73,3,88101,1,32.791194,-116.94209199999999,WGS84,PM2.5 - Local Conditions,24 HOUR,PM25 Annual 2006,Quarterly Means of Daily Means,R & P Model 2025 PM2.5 Sequential w/WINS - GRAVIMETRIC,2010,Micrograms/cubic meter (LC),No Events,116,94,Y,115,122,0,9,,,Certification not required,0,10.835345,4.324053,27.7,2010-12-04 00:00,25.5,2010-12-25 00:00,22.6,2010-01-26 00:00,19.7,2010-02-01 00:00,,,,,25.5,22.6,18.2,16.5,13.2,10.3,6.0,El Cajon,"1155 REDWOOD AVE., EL CAJON",California,San Diego,El Cajon,"San Diego-Carlsbad, CA",2015-04-01
12864,6,73,6,88101,1,32.836461,-117.128752,WGS84,PM2.5 - Local Conditions,24 HOUR,PM25 Annual 2006,Quarterly Means of Daily Means,R & P Model 2025 PM2.5 Sequential w/WINS - GRAVIMETRIC,2010,Micrograms/cubic meter (LC),No Events,120,97,Y,118,122,0,8,,,Certification not required,0,8.7375,3.482829,18.7,2010-01-26 00:00,16.7,2010-01-29 00:00,16.3,2010-05-05 00:00,16.2,2010-02-01 00:00,,,,,16.7,16.3,15.5,14.6,11.1,8.0,4.9,Kearny Mesa,"5555 OVERLAND AVE., SAN DIEGO",California,San Diego,San Diego,"San Diego-Carlsbad, CA",2015-04-01
12952,6,73,1002,88101,1,33.127711,-117.075325,WGS84,PM2.5 - Local Conditions,24 HOUR,PM25 Annual 2006,Quarterly Means of Daily Means,R & P Model 2025 PM2.5 Sequential w/WINS - GRAVIMETRIC,2010,Micrograms/cubic meter (LC),No Events,111,91,Y,111,122,0,12,,,Certification not required,0,10.544144000000001,4.568662000000001,33.3,2010-12-31 00:00,24.5,2010-12-04 00:00,21.7,2010-12-10 00:00,20.8,2010-02-01 00:00,,,,,24.5,21.7,19.9,15.3,12.6,9.7,5.7,Escondido,"600 E. VALLEY PKWY., ESCONDIDO",California,San Diego,Escondido,"San Diego-Carlsbad, CA",2015-04-01
13369,6,73,1010,88101,1,32.701492,-117.149653,WGS84,PM2.5 - Local Conditions,24 HOUR,PM25 Annual 2006,Quarterly Means of Daily Means,R & P Model 2025 PM2.5 Sequential w/WINS - GRAVIMETRIC,2010,Micrograms/cubic meter (LC),No Events,320,88,Y,320,365,0,45,,,Certification not required,0,10.428438,4.383322,29.7,2010-12-02 00:00,26.2,2010-12-03 00:00,25.3,2010-01-30 00:00,24.3,2010-12-04 00:00,,,,,24.3,22.7,18.8,16.0,12.5,9.7,6.0,San Diego - Beardsley Street,"1110 BEARDSLEY STREET, SAN DIEGO, CA 92112",California,San Diego,San Diego,"San Diego-Carlsbad, CA",2015-04-01
13389,6,73,1011,88101,1,32.725226,-116.36520300000001,WGS84,PM2.5 - Local Conditions,24 HOUR,PM25 Annual 2006,Quarterly Means of Daily Means,R & P Model 2000 PM2.5 Sampler w/WINS - GRAVIMETRIC,2010,Micrograms/cubic meter (LC),Events Inclucded,35,26,N,16,61,35,8,,,Certification not required,0,3.522857,1.7811240000000002,7.0,2010-05-20 00:00,6.7,2010-07-12 00:00,6.6000000000000005,2010-06-02 00:00,5.7,2010-06-09 00:00,,,,,7.0,7.0,7.0,6.7,5.7,4.9,3.8,La Posta Reservation,"8 1/2 Crestwood Road, Boulevard, CA 91905",California,San Diego,Boulevard,"San Diego-Carlsbad, CA",2015-08-11
13393,6,73,1011,88101,2,32.725226,-116.36520300000001,WGS84,PM2.5 - Local Conditions,24 HOUR,PM25 Annual 2006,Quarterly Means of Daily Means,R & P Model 2000 PM2.5 Sampler w/WINS - GRAVIMETRIC,2010,Micrograms/cubic meter (LC),Events Inclucded,38,30,N,18,61,38,3,,,Certification not required,0,6.2763160000000005,18.037445,114.0,2010-06-01 00:00,6.9,2010-05-20 00:00,6.4,2010-07-24 00:00,6.2,2010-07-12 00:00,,,,,114.0,114.0,114.0,6.9,6.1000000000000005,4.9,3.6,La Posta Reservation,"8 1/2 Crestwood Road, Boulevard, CA 91905",California,San Diego,Boulevard,"San Diego-Carlsbad, CA",2015-08-11
13679,6,77,1002,88101,1,37.950741,-121.268523,WGS84,PM2.5 - Local Conditions,24 HOUR,PM25 Annual 2006,Quarterly Means of Daily Means,R & P Model 2025 PM2.5 Sequential w/WINS - GRAVIMETRIC,2010,Micrograms/cubic meter (LC),No Events,56,46,N,56,122,0,4,,,Certification not required,0,8.876786,8.650528,36.3,2010-02-04 00:00,34.5,2010-01-05 00:00,34.1,2010-01-08 00:00,28.1,2010-01-29 00:00,,,,,36.3,34.5,34.1,26.0,8.8,5.7,3.0,Stockton-Hazelton,"HAZELTON-HD, STOCKTON",California,San Joaquin,Stockton,"Stockton-Lodi, CA",2015-04-01
13774,6,79,2006,88101,1,35.256577,-120.66986100000001,WGS84,PM2.5 - Local Conditions,24 HOUR,PM25 Annual 2006,Quarterly Means of Daily Means,R & P Model 2000 PM2.5 Sampler w/WINS - GRAVIMETRIC,2010,Micrograms/cubic meter (LC),No Events,59,97,Y,59,61,0,2,,,Certification not required,0,5.520339,2.505909,14.8,2010-09-29 00:00,10.7,2010-12-04 00:00,10.6,2010-07-19 00:00,10.1,2010-08-24 00:00,,,,,14.8,10.7,10.6,8.8,7.3,5.2,2.7,San Luis Obispo,"3220 SOUTH HIGUERA STREET, SAN LUIS OBISPO",California,San Luis Obispo,San Luis Obispo,"San Luis Obispo-Paso Robles-Arroyo Grande, CA",2015-04-01
13853,6,79,8001,88101,1,35.49158,-120.66804,WGS84,PM2.5 - Local Conditions,24 HOUR,PM25 Annual 2006,Quarterly Means of Daily Means,R & P Model 2000 PM2.5 Sampler w/WINS - GRAVIMETRIC,2010,Micrograms/cubic meter (LC),No Events,14,23,N,14,61,0,1,,,Certification not required,0,6.035714,3.23505,12.4,2010-02-01 00:00,11.5,2010-01-02 00:00,10.0,2010-01-08 00:00,8.2,2010-02-13 00:00,,,,,12.4,12.4,12.4,11.5,8.2,4.5,3.0,Atascadero (original site),"6005 LEWIS AVENUE, ATASCADERO, CA 93422",California,San Luis Obispo,Atascadero,"San Luis Obispo-Paso Robles-Arroyo Grande, CA",2015-04-01
13857,6,79,8001,88101,2,35.49158,-120.66804,WGS84,PM2.5 - Local Conditions,24 HOUR,PM25 Annual 2006,Quarterly Means of Daily Means,R & P Model 2000 PM2.5 Sampler w/WINS - GRAVIMETRIC,2010,Micrograms/cubic meter (LC),No Events,15,25,N,15,61,0,0,,,Certification not required,0,5.78,3.166612,12.4,2010-02-01 00:00,11.2,2010-01-02 00:00,9.8,2010-01-08 00:00,8.5,2010-02-13 00:00,,,,,12.4,12.4,12.4,11.2,8.5,4.3,2.8000000000000003,Atascadero (original site),"6005 LEWIS AVENUE, ATASCADERO, CA 93422",California,San Luis Obispo,Atascadero,"San Luis Obispo-Paso Robles-Arroyo Grande, CA",2015-04-01
13913,6,81,1001,88101,2,37.482934,-122.20336999999999,WGS84,PM2.5 - Local Conditions,24 HOUR,PM25 Annual 2006,Quarterly Means of Daily Means,R & P Model 2025 PM-2.5 Sequential Air Sampler w/VSCC - Gravimetric,2010,Micrograms/cubic meter (LC),No Events,51,94,Y,50,53,0,5,,,Certification not required,0,7.907843,4.975855,32.7,2010-01-08 00:00,16.7,2010-12-04 00:00,15.4,2010-06-13 00:00,14.0,2010-12-16 00:00,,,,,32.7,32.7,15.4,13.4,9.4,6.8,3.9,Redwood City,897 BARRON AVE.,California,San Mateo,Redwood City,"San Francisco-Oakland-Hayward, CA",2015-04-01
13970,6,83,11,88101,1,34.427775,-119.691218,WGS84,PM2.5 - Local Conditions,24 HOUR,PM25 Annual 2006,Quarterly Means of Daily Means,R & P Model 2000 PM2.5 Sampler w/WINS - GRAVIMETRIC,2010,Micrograms/cubic meter (LC),No Events,29,48,N,29,61,0,1,,,Certification not required,0,7.637931,2.336422,12.1,2010-04-08 00:00,11.2,2010-01-08 00:00,10.9,2010-06-13 00:00,10.6,2010-03-21 00:00,,,,,12.1,12.1,11.2,10.9,9.8,7.4,4.5,Santa Barbara,700 E. CANON PERDIDO,California,Santa Barbara,Santa Barbara,"Santa Maria-Santa Barbara, CA",2018-01-16
14005,6,83,1008,88101,1,34.949147,-120.43763,WGS84,PM2.5 - Local Conditions,24 HOUR,PM25 Annual 2006,Quarterly Means of Daily Means,R & P Model 2000 PM2.5 Sampler w/WINS - GRAVIMETRIC,2010,Micrograms/cubic meter (LC),No Events,29,48,N,29,61,0,1,,,Certification not required,0,5.6551719999999985,1.9722330000000001,10.1,2010-04-08 00:00,9.9,2010-06-13 00:00,8.8,2010-04-26 00:00,7.9,2010-05-14 00:00,,,,,10.1,10.1,9.9,8.8,7.1000000000000005,5.0,3.7,Santa Maria,906 S BROADWAY - SANTA MARIA,California,Santa Barbara,Santa Maria,"Santa Maria-Santa Barbara, CA",2016-05-11
14425,6,85,5,88101,1,37.348496999999995,-121.894898,WGS84,PM2.5 - Local Conditions,24 HOUR,PM25 Annual 2006,Quarterly Means of Daily Means,R & P Model 2025 PM-2.5 Sequential Air Sampler w/VSCC - Gravimetric,2010,Micrograms/cubic meter (LC),No Events,206,97,Y,206,213,0,7,,,Certification not required,0,9.569903,6.717844,41.5,2010-01-07 00:00,36.0,2010-12-03 00:00,35.5,2010-01-08 00:00,35.30000000000001,2010-01-05 00:00,,,,,35.30000000000001,29.2,18.5,14.7,10.8,7.3,3.9,San Jose - Jackson,158B JACKSON ST,California,Santa Clara,San Jose,"San Jose-Sunnyvale-Santa Clara, CA",2015-04-01
14610,6,89,4,88101,1,40.549985,-122.382011,WGS84,PM2.5 - Local Conditions,24 HOUR,PM25 Annual 2006,Quarterly Means of Daily Means,R & P Model 2000 PM2.5 Sampler w/WINS - GRAVIMETRIC,2010,Micrograms/cubic meter (LC),No Events,56,92,Y,56,61,0,5,,,Certification not required,0,4.630357,2.4010540000000002,10.7,2010-01-08 00:00,10.3,2010-12-10 00:00,10.2,2010-02-19 00:00,9.1,2010-12-16 00:00,,,,,10.7,10.3,10.2,8.700000000000001,5.8,4.0,2.3000000000000003,Redding - Health Department,"HLTH CTR-2630 BRESLAUER WAY, REDDING",California,Shasta,Redding,"Redding, CA",2015-07-24
14701,6,89,3004,88101,1,40.6304,-122.4031,WGS84,PM2.5 - Local Conditions,24 HOUR,PM25 Annual 2006,Quarterly Means of Daily Means,R & P Model 2000 PM2.5 Sampler w/WINS - GRAVIMETRIC,2010,Micrograms/cubic meter (LC),No Events,59,97,Y,59,61,0,2,,,Certification not required,0,6.252542,3.6541589999999995,24.0,2010-01-08 00:00,12.9,2010-12-16 00:00,12.0,2010-03-21 00:00,11.7,2010-02-13 00:00,,,,,24.0,12.9,12.0,10.9,7.7,5.0,3.0,Redding - Buckeye,"3407 Hiatt Drive, Redding, CA 96003",California,Shasta,Redding,"Redding, CA",2015-04-01
14714,6,89,3005,88101,1,40.69184,-122.40178999999999,WGS84,PM2.5 - Local Conditions,24 HOUR,PM25 Annual 2006,Quarterly Means of Daily Means,R & P Model 2000 PM2.5 Sampler w/WINS - GRAVIMETRIC,2010,Micrograms/cubic meter (LC),No Events,59,97,Y,59,61,0,3,,,Certification not required,0,3.915254,2.662823,11.9,2010-08-06 00:00,11.8,2010-01-08 00:00,10.8,2010-12-16 00:00,9.0,2010-02-19 00:00,,,,,11.9,11.8,10.8,7.5,5.5,3.0,1.0,Redding - Toyon,"17752 Shasta Dam Blvd. Shasta Lake, CA 96019",California,Shasta,Shasta Lake,"Redding, CA",2015-04-01
14780,6,93,2001,88101,1,41.726892,-122.633579,WGS84,PM2.5 - Local Conditions,24 HOUR,PM25 Annual 2006,Quarterly Means of Daily Means,R & P Model 2000 PM2.5 Sampler w/WINS - GRAVIMETRIC,2010,Micrograms/cubic meter (LC),No Events,55,90,N,55,61,0,11,,,Certification not required,0,4.501818,3.063071,17.0,2010-01-05 00:00,11.3,2010-01-08 00:00,10.3,2010-12-04 00:00,9.9,2010-08-06 00:00,,,,,17.0,11.3,10.3,8.0,5.7,4.3,1.0,Yreka,"530 FOOTHILL DR., YREKA",California,Siskiyou,Yreka,,2016-08-17
14820,6,95,4,88101,1,38.102507,-122.237976,WGS84,PM2.5 - Local Conditions,24 HOUR,PM25 Annual 2006,Quarterly Means of Daily Means,R & P Model 2025 PM-2.5 Sequential Air Sampler w/VSCC - Gravimetric,2010,Micrograms/cubic meter (LC),No Events,184,86,Y,184,213,0,30,,,Certification not required,0,8.604891,5.535364,29.5,2010-01-16 00:00,27.7,2010-12-02 00:00,27.6,2010-12-04 00:00,25.5,2010-12-05 00:00,,,,,25.5,22.8,18.0,14.2,9.8,6.3,3.2,Vallejo,304 TUOLUMNE ST.,California,Solano,Vallejo,"Vallejo-Fairfield, CA",2015-04-01
14973,6,99,5,88101,1,37.641583000000004,-120.994622,WGS84,PM2.5 - Local Conditions,24 HOUR,PM25 Annual 2006,Quarterly Means of Daily Means,R & P Model 2025 PM2.5 Sequential w/WINS - GRAVIMETRIC,2010,Micrograms/cubic meter (LC),No Events,74,99,Y,74,75,0,4,,,Certification not required,0,11.221622,9.340093,40.0,2010-01-08 00:00,38.9,2010-02-04 00:00,37.3,2010-12-10 00:00,33.6,2010-01-05 00:00,,,,,40.0,38.9,33.6,28.2,12.7,8.1,3.5,Modesto-14th Street,"814 14TH ST., MODESTO",California,Stanislaus,Modesto,"Modesto, CA",2015-04-01
15082,6,101,3,88101,1,39.138773,-121.618549,WGS84,PM2.5 - Local Conditions,24 HOUR,PM25 Annual 2006,Quarterly Means of Daily Means,R & P Model 2025 PM2.5 Sequential w/WINS - GRAVIMETRIC,2010,Micrograms/cubic meter (LC),Concurred Events Excluded,324,89,Y,324,365,1,41,,,Certification not required,0,5.92716,5.178086,72.2,2010-07-04 00:00,26.9,2010-12-04 00:00,23.0,2010-11-05 00:00,20.4,2010-12-24 00:00,,,,,20.4,17.1,13.3,10.2,7.0,5.1000000000000005,2.1,Yuba City,"773 ALMOND ST, YUBA CITY",California,Sutter,Yuba City,"Yuba City, CA",2015-07-24
15083,6,101,3,88101,1,39.138773,-121.618549,WGS84,PM2.5 - Local Conditions,24 HOUR,PM25 Annual 2006,Quarterly Means of Daily Means,R & P Model 2025 PM2.5 Sequential w/WINS - GRAVIMETRIC,2010,Micrograms/cubic meter (LC),Events Excluded,323,89,Y,324,365,0,41,,,Certification not required,0,5.721981,3.635049,26.9,2010-12-04 00:00,23.0,2010-11-05 00:00,20.4,2010-12-24 00:00,18.3,2010-01-29 00:00,,,,,18.3,15.9,12.5,10.0,7.0,5.0,2.1,Yuba City,"773 ALMOND ST, YUBA CITY",California,Sutter,Yuba City,"Yuba City, CA",2015-07-24
15084,6,101,3,88101,1,39.138773,-121.618549,WGS84,PM2.5 - Local Conditions,24 HOUR,PM25 Annual 2006,Quarterly Means of Daily Means,R & P Model 2025 PM2.5 Sequential w/WINS - GRAVIMETRIC,2010,Micrograms/cubic meter (LC),Events Inclucded,324,89,Y,324,365,1,41,,,Certification not required,0,5.92716,5.178086,72.2,2010-07-04 00:00,26.9,2010-12-04 00:00,23.0,2010-11-05 00:00,20.4,2010-12-24 00:00,,,,,20.4,17.1,13.3,10.2,7.0,5.1000000000000005,2.1,Yuba City,"773 ALMOND ST, YUBA CITY",California,Sutter,Yuba City,"Yuba City, CA",2015-07-24
15271,6,107,2002,88101,1,36.332179,-119.291228,WGS84,PM2.5 - Local Conditions,24 HOUR,PM25 Annual 2006,Quarterly Means of Daily Means,R & P Model 2025 PM2.5 Sequential w/WINS - GRAVIMETRIC,2010,Micrograms/cubic meter (LC),No Events,120,98,Y,120,122,0,2,,,Certification not required,0,13.631667000000002,9.068673,59.8,2010-12-04 00:00,36.6,2010-12-01 00:00,36.3,2010-11-13 00:00,35.2,2010-12-10 00:00,,,,,36.6,36.3,31.9,27.3,17.3,11.2,4.7,Visalia-Church,"310 N CHURCH ST, VISALIA",California,Tulare,Visalia,"Visalia-Porterville, CA",2015-07-24
15387,6,111,7,88101,1,34.210154,-118.870496,WGS84,PM2.5 - Local Conditions,24 HOUR,PM25 Annual 2006,Quarterly Means of Daily Means,R & P Model 2025 PM2.5 Sequential w/WINS - GRAVIMETRIC,2010,Micrograms/cubic meter (LC),No Events,61,100,Y,61,61,0,0,,,Certification not required,0,8.737705,4.3069000000000015,21.7,2010-12-04 00:00,21.3,2010-02-01 00:00,15.5,2010-05-14 00:00,14.6,2010-07-19 00:00,,,,,21.7,21.3,14.6,13.3,11.8,8.3,3.6,Thousand Oaks,"2323 Moorpark Road, Thousand Oaks, CA  91360",California,Ventura,Thousand Oaks,"Oxnard-Thousand Oaks-Ventura, CA",2015-04-01
15391,6,111,7,88101,2,34.210154,-118.870496,WGS84,PM2.5 - Local Conditions,24 HOUR,PM25 Annual 2006,Quarterly Means of Daily Means,R & P Model 2025 PM2.5 Sequential w/WINS - GRAVIMETRIC,2010,Micrograms/cubic meter (LC),No Events,61,100,Y,61,61,0,0,,,Certification not required,0,8.531148,4.41541,21.4,2010-02-01 00:00,21.1,2010-12-04 00:00,15.5,2010-05-14 00:00,15.2,2010-12-16 00:00,,,,,21.4,21.1,15.2,13.3,11.6,8.2,3.2,Thousand Oaks,"2323 Moorpark Road, Thousand Oaks, CA  91360",California,Ventura,Thousand Oaks,"Oxnard-Thousand Oaks-Ventura, CA",2015-04-01
15430,6,111,9,88101,1,34.404268,-118.809946,WGS84,PM2.5 - Local Conditions,24 HOUR,PM25 Annual 2006,Quarterly Means of Daily Means,R & P Model 2025 PM2.5 Sequential w/WINS - GRAVIMETRIC,2010,Micrograms/cubic meter (LC),No Events,59,97,Y,59,61,0,2,,,Certification not required,0,8.577966,4.181036,18.4,2010-10-17 00:00,16.3,2010-07-19 00:00,15.7,2010-05-14 00:00,15.2,2010-11-16 00:00,,,,,18.4,16.3,15.7,15.0,11.8,9.1,2.8000000000000003,Piru - Pacific,"3301 PACIFIC AVENUE, PIRU, CA  93040",California,Ventura,Piru,"Oxnard-Thousand Oaks-Ventura, CA",2015-04-01
15600,6,111,2002,88101,1,34.276362,-118.683757,WGS84,PM2.5 - Local Conditions,24 HOUR,PM25 Annual 2006,Quarterly Means of Daily Means,R & P Model 2025 PM2.5 Sequential w/WINS - GRAVIMETRIC,2010,Micrograms/cubic meter (LC),No Events,121,99,Y,121,122,0,1,,,Certification not required,0,8.716529,4.22791,20.2,2010-12-04 00:00,19.1,2010-02-01 00:00,17.400000000000002,2010-06-16 00:00,17.2,2010-07-04 00:00,,,,,19.1,17.400000000000002,15.2,14.3,11.6,9.0,3.3000000000000003,Simi Valley-Cochran Street,"5400 COCHRAN STREET, SIMI VALLEY, CA  93063",California,Ventura,Simi Valley,"Oxnard-Thousand Oaks-Ventura, CA",2015-04-01
15763,6,111,3001,88101,1,34.252378,-119.143176,WGS84,PM2.5 - Local Conditions,24 HOUR,PM25 Annual 2006,Quarterly Means of Daily Means,R & P Model 2025 PM2.5 Sequential w/WINS - GRAVIMETRIC,2010,Micrograms/cubic meter (LC),No Events,120,98,Y,120,122,0,2,,,Certification not required,0,8.455,3.787526,21.4,2010-12-04 00:00,17.5,2010-11-16 00:00,16.5,2010-06-16 00:00,16.3,2010-10-11 00:00,,,,,17.5,16.5,16.0,14.2,10.5,8.2,4.1,El Rio-Rio Mesa School #2,"545 CENTRAL AVENUE, OXNARD, CA  93030",California,Ventura,,"Oxnard-Thousand Oaks-Ventura, CA",2015-04-01
15799,6,113,1003,88101,1,38.66121,-121.73269,WGS84,PM2.5 - Local Conditions,24 HOUR,PM25 Annual 2006,Quarterly Means of Daily Means,R & P Model 2025 PM2.5 Sequential w/WINS - GRAVIMETRIC,2010,Micrograms/cubic meter (LC),No Events,60,95,Y,58,61,0,5,,,Certification not required,0,5.676667,4.454606,26.7,2010-12-04 00:00,18.6,2010-12-10 00:00,17.0,2010-01-08 00:00,14.8,2010-01-12 00:00,,,,,26.7,18.6,17.0,10.5,6.9,4.5,2.6,Woodland-Gibson Road,"41929 E. GIBSON ROAD, WOODLAND",California,Yolo,Woodland,"Sacramento--Roseville--Arden-Arcade, CA",2016-08-29
